[
  {"name": "triangle", "label": "Triangle"},
  {"name": "map-pin-marked", "label": "Map Pin Marked"},
  {"name": "square", "label": "Square"},
  {"name": "diamond", "label": "Diamond"},
  {"name": "circle", "label": "Circle"},
  {"name": "star", "label": "Star"},
  {"name": "drawing-pin", "label": "Drawing Pin"},
  {"name": "arrow-north", "label": "Arrow North"},
  {"name": "arrow-north-east", "label": "Arrow North East"},
  {"name": "arrow-east", "label": "Arrow East"},
  {"name": "arrow-south-east", "label": "Arrow South East"},
  {"name": "arrow-south", "label": "Arrow South"},
  {"name": "arrow-south-west", "label": "Arrow South West"},
  {"name": "arrow-west", "label": "Arrow West"},
  {"name": "arrow-north-west", "label": "Arrow North West"},
  {"name": "traffic-cone", "label": "Traffic Cone"}
]
